airQuality,illness,light,id,fire,sound,soilMoisture,pressure,waterLevel,temperature,humidity,createdAt
1018.0,Normal,664.0,580,82.0,535.0,1.0,100.6766,5.0,27.0,31.0,2019-03-23 20:37:50.031
1016.0,Fungi,736.0,579,83.0,587.0,1.0,101.2443,6.0,27.0,56.0,2019-03-23 20:37:39.014
1017.0,Fungi,733.0,578,82.0,585.0,1.0,100.6044,5.0,27.0,58.0,2019-03-23 20:37:27.876
1016.0,Fungi,684.0,577,82.0,549.0,1.0,101.4474,6.0,27.0,56.0,2019-03-23 20:37:16.817
1015.0,Normal,598.0,576,84.0,488.0,1.0,100.5728,6.0,27.0,47.0,2019-03-23 20:37:05.742
1017.0,Normal,823.0,575,81.0,652.0,1.0,100.8497,5.0,27.0,20.0,2019-03-23 20:36:54.675
1017.0,Normal,563.0,574,81.0,463.0,1.0,100.4052,6.0,27.0,23.0,2019-03-23 20:36:43.614
1017.0,Normal,601.0,573,81.0,504.0,1.0,101.8367,6.0,27.0,24.0,2019-03-23 20:36:32.55
1017.0,Normal,630.0,572,80.0,512.0,1.0,101.6076,6.0,25.0,18.0,2019-03-23 20:35:32.16
1016.0,Normal,529.0,571,81.0,453.0,1.0,101.2884,7.0,25.0,18.0,2019-03-23 20:35:21.11
1016.0,Normal,865.0,570,82.0,682.0,1.0,100.0348,7.0,25.0,18.0,2019-03-23 20:31:56.106
1016.0,Normal,528.0,569,82.0,440.0,1.0,101.1508,6.0,25.0,18.0,2019-03-23 20:31:45.049
1016.0,Normal,544.0,568,82.0,451.0,1.0,100.5094,6.0,25.0,17.0,2019-03-23 20:31:33.97
1017.0,Normal,545.0,567,82.0,451.0,1.0,100.754,7.0,25.0,17.0,2019-03-23 20:31:22.904
1017.0,Normal,537.0,566,81.0,446.0,1.0,101.1184,7.0,25.0,18.0,2019-03-23 20:31:11.835
1016.0,Normal,534.0,565,81.0,443.0,1.0,100.2923,6.0,25.0,18.0,2019-03-23 20:31:00.79
1016.0,Normal,537.0,564,80.0,445.0,1.0,101.0815,7.0,25.0,17.0,2019-03-23 20:30:49.704
1016.0,Normal,534.0,563,81.0,444.0,1.0,100.1008,7.0,25.0,17.0,2019-03-23 20:30:38.712
1017.0,Normal,537.0,562,81.0,445.0,1.0,101.2938,6.0,25.0,17.0,2019-03-23 20:30:27.577
1016.0,Normal,542.0,561,82.0,449.0,1.0,101.3514,7.0,25.0,17.0,2019-03-23 20:30:16.505
1017.0,Normal,545.0,560,81.0,451.0,1.0,100.8823,7.0,25.0,17.0,2019-03-23 20:30:05.445
1016.0,Normal,538.0,559,81.0,446.0,1.0,101.1482,6.0,25.0,17.0,2019-03-23 20:29:54.381
1016.0,Normal,534.0,558,82.0,443.0,1.0,100.9823,6.0,25.0,17.0,2019-03-23 20:29:43.304
1017.0,Normal,543.0,557,81.0,450.0,1.0,101.2786,7.0,25.0,17.0,2019-03-23 20:29:32.247
1015.0,Normal,543.0,556,81.0,449.0,1.0,100.004,7.0,25.0,17.0,2019-03-23 20:29:21.172
1016.0,Normal,534.0,555,82.0,443.0,1.0,100.389,7.0,25.0,17.0,2019-03-23 20:29:10.105
1017.0,Normal,543.0,554,82.0,448.0,1.0,101.2814,7.0,25.0,17.0,2019-03-23 20:28:59.04
1017.0,Normal,538.0,553,81.0,446.0,1.0,100.3483,7.0,25.0,17.0,2019-03-23 20:28:47.972
1016.0,Normal,543.0,552,82.0,450.0,1.0,101.8544,7.0,25.0,17.0,2019-03-23 20:28:36.906
1016.0,Normal,536.0,551,81.0,445.0,1.0,100.0891,7.0,25.0,17.0,2019-03-23 20:28:25.843
1016.0,Normal,542.0,550,81.0,449.0,1.0,101.7175,7.0,25.0,17.0,2019-03-23 20:28:14.773
1016.0,Normal,541.0,549,81.0,449.0,1.0,100.3124,7.0,25.0,17.0,2019-03-23 20:28:03.708
1016.0,Normal,543.0,548,82.0,449.0,1.0,100.733,7.0,25.0,17.0,2019-03-23 20:27:52.647
1017.0,Normal,538.0,547,81.0,446.0,1.0,101.0608,7.0,25.0,17.0,2019-03-23 20:27:41.711
1016.0,Normal,543.0,546,81.0,450.0,1.0,100.2371,7.0,25.0,17.0,2019-03-23 20:27:30.515
1016.0,Normal,535.0,545,82.0,444.0,1.0,101.3676,6.0,25.0,17.0,2019-03-23 20:27:19.445
1016.0,Normal,544.0,544,81.0,451.0,1.0,101.0768,7.0,25.0,17.0,2019-03-23 20:27:08.377
1016.0,Normal,534.0,543,81.0,444.0,1.0,100.388,7.0,25.0,17.0,2019-03-23 20:26:57.317
1018.0,Normal,544.0,542,80.0,450.0,1.0,101.0766,7.0,25.0,18.0,2019-03-23 20:26:46.258
1017.0,Normal,543.0,541,81.0,450.0,1.0,100.5109,7.0,25.0,18.0,2019-03-23 20:26:35.175
1016.0,Normal,540.0,540,81.0,447.0,1.0,100.949,7.0,25.0,17.0,2019-03-23 20:26:24.11
1016.0,Normal,545.0,539,81.0,450.0,1.0,100.8381,6.0,25.0,17.0,2019-03-23 20:26:13.043
1016.0,Normal,529.0,538,82.0,440.0,1.0,100.0563,6.0,25.0,17.0,2019-03-23 20:26:01.961
1015.0,Normal,542.0,537,81.0,448.0,1.0,101.3004,8.0,25.0,17.0,2019-03-23 20:25:50.905
1016.0,Normal,542.0,536,81.0,448.0,1.0,100.4048,6.0,25.0,17.0,2019-03-23 20:25:39.853
1018.0,Normal,536.0,535,81.0,444.0,1.0,100.4196,7.0,25.0,17.0,2019-03-23 20:25:28.765
1016.0,Normal,543.0,534,81.0,450.0,1.0,101.9978,7.0,25.0,17.0,2019-03-23 20:25:17.707
1016.0,Normal,541.0,533,80.0,449.0,1.0,101.5066,7.0,25.0,17.0,2019-03-23 20:25:06.648
1016.0,Normal,537.0,532,81.0,445.0,1.0,101.7937,5.0,25.0,17.0,2019-03-23 20:24:55.574
1015.0,Normal,544.0,531,81.0,451.0,1.0,101.5983,7.0,25.0,17.0,2019-03-23 20:24:44.514
1016.0,Normal,538.0,530,81.0,446.0,1.0,100.3421,7.0,25.0,17.0,2019-03-23 20:24:33.442
1017.0,Normal,540.0,529,81.0,448.0,1.0,100.0567,6.0,25.0,17.0,2019-03-23 20:24:22.379
1017.0,Normal,536.0,528,81.0,445.0,1.0,101.136,6.0,25.0,17.0,2019-03-23 20:24:11.298
1016.0,Normal,541.0,527,81.0,449.0,1.0,100.4746,7.0,25.0,17.0,2019-03-23 20:24:00.242
1017.0,Normal,540.0,526,81.0,447.0,1.0,100.181,6.0,25.0,17.0,2019-03-23 20:23:49.174
1017.0,Normal,538.0,525,82.0,444.0,1.0,101.2442,7.0,25.0,17.0,2019-03-23 20:23:38.212
1017.0,Normal,542.0,524,82.0,449.0,1.0,100.1576,6.0,25.0,17.0,2019-03-23 20:23:27.044
1017.0,Normal,542.0,523,81.0,449.0,1.0,100.3648,6.0,25.0,17.0,2019-03-23 20:23:15.979
1017.0,Normal,540.0,522,80.0,448.0,1.0,100.3058,7.0,25.0,18.0,2019-03-23 20:23:04.921
1016.0,Normal,542.0,521,82.0,448.0,1.0,100.604,6.0,25.0,17.0,2019-03-23 20:22:53.852
1016.0,Normal,543.0,520,82.0,449.0,1.0,101.4178,7.0,25.0,17.0,2019-03-23 20:22:42.806
1016.0,Normal,535.0,519,80.0,444.0,1.0,101.6701,6.0,25.0,17.0,2019-03-23 20:22:31.733
1017.0,Normal,538.0,518,82.0,446.0,1.0,101.9608,7.0,25.0,17.0,2019-03-23 20:22:20.651
1016.0,Normal,543.0,517,81.0,449.0,1.0,100.5966,7.0,25.0,17.0,2019-03-23 20:22:09.585
1017.0,Normal,545.0,516,82.0,451.0,1.0,101.3324,6.0,25.0,18.0,2019-03-23 20:21:58.502
1016.0,Normal,535.0,515,81.0,444.0,1.0,100.5104,7.0,25.0,18.0,2019-03-23 20:21:47.454
1017.0,Normal,539.0,514,81.0,448.0,1.0,101.1972,6.0,25.0,17.0,2019-03-23 20:21:36.383
1016.0,Normal,545.0,513,81.0,451.0,1.0,101.5901,6.0,25.0,17.0,2019-03-23 20:21:25.323
1016.0,Normal,538.0,512,81.0,446.0,1.0,100.2205,7.0,25.0,18.0,2019-03-23 20:21:14.245
1016.0,Normal,545.0,511,82.0,451.0,1.0,101.959,8.0,25.0,18.0,2019-03-23 20:21:03.184
1016.0,Normal,551.0,510,81.0,455.0,1.0,101.8641,7.0,25.0,18.0,2019-03-23 20:20:52.132
1016.0,Normal,598.0,509,81.0,488.0,1.0,100.6253,7.0,25.0,18.0,2019-03-23 20:20:41.136
1016.0,Normal,1016.0,508,82.0,790.0,1.0,101.8944,7.0,25.0,17.0,2019-03-23 20:20:29.988
1016.0,Normal,495.0,507,82.0,415.0,1.0,101.0998,6.0,25.0,17.0,2019-03-23 20:20:18.919
1016.0,Normal,536.0,506,81.0,444.0,1.0,100.2603,7.0,25.0,18.0,2019-03-23 20:20:07.846
1017.0,Normal,542.0,505,81.0,449.0,1.0,101.4247,6.0,25.0,18.0,2019-03-23 20:19:56.78
1016.0,Normal,536.0,504,82.0,445.0,1.0,101.4373,7.0,25.0,18.0,2019-03-23 20:19:45.726
1016.0,Normal,533.0,503,80.0,443.0,1.0,100.4055,7.0,25.0,18.0,2019-03-23 20:19:34.649
1015.0,Normal,544.0,502,82.0,450.0,1.0,101.3244,8.0,25.0,18.0,2019-03-23 20:19:23.585
1015.0,Normal,535.0,501,82.0,444.0,1.0,100.2331,7.0,25.0,17.0,2019-03-23 20:19:12.516
1016.0,Normal,539.0,500,81.0,447.0,1.0,101.6525,7.0,25.0,17.0,2019-03-23 20:19:01.454
1015.0,Normal,541.0,499,82.0,448.0,1.0,100.3149,7.0,25.0,17.0,2019-03-23 20:18:50.392
1016.0,Normal,537.0,498,80.0,445.0,1.0,101.2012,7.0,25.0,17.0,2019-03-23 20:18:39.348
1016.0,Normal,531.0,497,81.0,441.0,1.0,101.6887,7.0,25.0,17.0,2019-03-23 20:18:28.254
1016.0,Normal,551.0,496,81.0,456.0,1.0,101.986,7.0,25.0,17.0,2019-03-23 20:18:17.181
1016.0,Normal,547.0,495,81.0,452.0,1.0,101.9772,6.0,25.0,17.0,2019-03-23 20:18:06.13
1015.0,Normal,521.0,494,82.0,433.0,1.0,100.5663,7.0,25.0,17.0,2019-03-23 20:17:55.047
1015.0,Normal,539.0,493,81.0,447.0,1.0,100.5252,7.0,25.0,17.0,2019-03-23 20:17:43.991
1017.0,Normal,545.0,492,81.0,451.0,1.0,101.2139,6.0,25.0,17.0,2019-03-23 20:17:32.916
1017.0,Normal,542.0,491,80.0,449.0,1.0,100.6782,6.0,25.0,16.0,2019-03-23 20:17:21.857
1018.0,Normal,555.0,490,81.0,459.0,1.0,100.7471,7.0,25.0,17.0,2019-03-23 20:17:10.789
1016.0,Normal,538.0,489,81.0,446.0,1.0,100.8723,7.0,25.0,17.0,2019-03-23 20:16:59.718
1016.0,Normal,532.0,488,82.0,442.0,1.0,101.519,6.0,25.0,17.0,2019-03-23 20:16:48.642
1015.0,Normal,541.0,487,82.0,448.0,1.0,101.3369,8.0,25.0,16.0,2019-03-23 20:16:37.58
1016.0,Normal,543.0,486,82.0,449.0,1.0,101.905,7.0,25.0,16.0,2019-03-23 20:16:26.516
1016.0,Normal,544.0,485,81.0,451.0,1.0,100.9254,7.0,25.0,17.0,2019-03-23 20:16:15.447
1016.0,Normal,536.0,484,82.0,446.0,1.0,100.2307,6.0,25.0,17.0,2019-03-23 20:16:04.383
1016.0,Normal,533.0,483,81.0,443.0,1.0,100.3586,7.0,25.0,17.0,2019-03-23 20:15:53.315
1016.0,Normal,532.0,482,82.0,442.0,1.0,101.7344,7.0,25.0,17.0,2019-03-23 20:15:42.25
1016.0,Normal,542.0,481,80.0,449.0,1.0,101.4449,6.0,25.0,17.0,2019-03-23 20:15:31.193
1016.0,Normal,543.0,480,82.0,449.0,1.0,101.226,7.0,25.0,17.0,2019-03-23 20:15:20.114
1017.0,Normal,531.0,479,82.0,441.0,1.0,100.5743,6.0,25.0,17.0,2019-03-23 20:15:09.048
1016.0,Normal,543.0,478,82.0,451.0,1.0,100.1626,8.0,25.0,17.0,2019-03-23 20:14:57.988
1017.0,Normal,539.0,477,81.0,447.0,1.0,100.0316,6.0,25.0,17.0,2019-03-23 20:14:46.921
1014.0,Normal,539.0,476,81.0,446.0,1.0,101.9533,7.0,25.0,16.0,2019-03-23 20:14:35.852
1016.0,Normal,543.0,475,81.0,450.0,1.0,100.6477,7.0,25.0,16.0,2019-03-23 20:14:24.784
1017.0,Normal,543.0,474,81.0,450.0,1.0,100.7944,7.0,25.0,17.0,2019-03-23 20:14:13.718
1019.0,Normal,540.0,473,80.0,447.0,1.0,100.8809,6.0,25.0,17.0,2019-03-23 20:14:02.652
1018.0,Normal,539.0,472,81.0,447.0,1.0,100.3777,7.0,25.0,17.0,2019-03-23 20:13:51.585
1017.0,Normal,543.0,471,80.0,450.0,1.0,101.8377,7.0,25.0,17.0,2019-03-23 20:13:40.542
1016.0,Normal,542.0,470,81.0,449.0,1.0,100.6163,7.0,25.0,17.0,2019-03-23 20:13:29.47
1016.0,Normal,534.0,469,81.0,443.0,1.0,100.7503,6.0,25.0,17.0,2019-03-23 20:13:18.402
1016.0,Normal,544.0,468,81.0,451.0,1.0,101.7053,7.0,25.0,16.0,2019-03-23 20:13:07.318
1016.0,Normal,543.0,467,81.0,450.0,1.0,100.5944,7.0,25.0,16.0,2019-03-23 20:12:56.253
1016.0,Normal,544.0,466,81.0,451.0,1.0,100.4442,7.0,25.0,17.0,2019-03-23 20:12:45.191
1016.0,Normal,544.0,465,81.0,451.0,1.0,101.6433,6.0,25.0,17.0,2019-03-23 20:12:34.118
1017.0,Normal,537.0,464,81.0,444.0,1.0,100.9505,5.0,25.0,17.0,2019-03-23 20:12:23.052
1015.0,Normal,537.0,463,81.0,445.0,1.0,101.9503,7.0,25.0,17.0,2019-03-23 20:12:11.987
1018.0,Normal,543.0,462,81.0,449.0,1.0,100.1408,6.0,25.0,16.0,2019-03-23 20:12:00.925
1016.0,Normal,545.0,461,81.0,452.0,1.0,100.1241,6.0,25.0,17.0,2019-03-23 20:11:49.858
1017.0,Normal,538.0,460,81.0,446.0,1.0,101.4753,7.0,25.0,16.0,2019-03-23 20:11:38.872
1016.0,Normal,534.0,459,81.0,444.0,1.0,100.5778,7.0,25.0,17.0,2019-03-23 20:11:27.725
1016.0,Normal,539.0,458,81.0,447.0,1.0,101.5445,7.0,25.0,16.0,2019-03-23 20:11:16.656
1016.0,Normal,535.0,457,81.0,444.0,1.0,101.0281,7.0,25.0,16.0,2019-03-23 20:11:05.603
1017.0,Normal,533.0,456,80.0,443.0,1.0,100.7081,7.0,25.0,16.0,2019-03-23 20:10:54.523
1016.0,Normal,536.0,455,81.0,445.0,1.0,101.5102,7.0,25.0,16.0,2019-03-23 20:10:43.454
1017.0,Normal,539.0,454,81.0,446.0,1.0,100.5498,7.0,25.0,16.0,2019-03-23 20:10:32.409
1016.0,Normal,537.0,453,81.0,445.0,1.0,101.9433,6.0,25.0,16.0,2019-03-23 20:10:21.324
1016.0,Normal,531.0,452,81.0,440.0,1.0,101.4257,6.0,25.0,16.0,2019-03-23 20:10:10.258
1016.0,Normal,541.0,451,81.0,448.0,1.0,100.8636,7.0,25.0,16.0,2019-03-23 20:09:59.189
1017.0,Normal,545.0,450,81.0,451.0,1.0,101.3551,6.0,25.0,17.0,2019-03-23 20:09:48.146
1017.0,Normal,541.0,449,81.0,450.0,1.0,101.2359,7.0,25.0,17.0,2019-03-23 20:09:37.048
1016.0,Normal,537.0,448,81.0,445.0,1.0,101.5273,7.0,25.0,16.0,2019-03-23 20:09:25.999
1016.0,Normal,543.0,447,81.0,450.0,1.0,101.0304,7.0,25.0,16.0,2019-03-23 20:09:14.921
1017.0,Normal,541.0,446,81.0,449.0,1.0,100.2018,7.0,25.0,17.0,2019-03-23 20:09:03.862
1014.0,Normal,537.0,445,81.0,446.0,1.0,100.0987,7.0,25.0,16.0,2019-03-23 20:08:52.795
1018.0,Normal,536.0,444,81.0,445.0,1.0,101.375,6.0,25.0,17.0,2019-03-23 20:08:41.728
1018.0,Normal,535.0,443,82.0,445.0,1.0,100.6862,6.0,25.0,16.0,2019-03-23 20:08:30.663
1016.0,Normal,541.0,442,81.0,448.0,1.0,100.6372,7.0,25.0,16.0,2019-03-23 20:08:19.574
1015.0,Normal,545.0,441,82.0,451.0,1.0,100.6191,7.0,25.0,16.0,2019-03-23 20:08:08.51
1016.0,Normal,508.0,440,82.0,424.0,1.0,101.861,7.0,25.0,16.0,2019-03-23 20:07:57.457
1016.0,Normal,550.0,439,81.0,455.0,1.0,101.0021,7.0,25.0,17.0,2019-03-23 20:07:46.395
1017.0,Normal,537.0,438,81.0,445.0,1.0,100.4097,6.0,25.0,16.0,2019-03-23 20:07:35.324
1016.0,Normal,534.0,437,81.0,443.0,1.0,100.9246,7.0,25.0,16.0,2019-03-23 20:07:24.263
1016.0,Normal,534.0,436,82.0,444.0,1.0,100.2146,7.0,25.0,16.0,2019-03-23 20:07:13.194
1017.0,Normal,537.0,435,81.0,446.0,1.0,100.5171,7.0,25.0,16.0,2019-03-23 20:07:02.124
1017.0,Normal,543.0,434,81.0,450.0,1.0,101.1772,6.0,25.0,16.0,2019-03-23 20:06:51.063
1017.0,Normal,544.0,433,81.0,451.0,1.0,101.0039,6.0,25.0,16.0,2019-03-23 20:06:40.013
1017.0,Normal,543.0,432,81.0,450.0,1.0,100.9183,6.0,25.0,16.0,2019-03-23 20:06:28.929
1017.0,Normal,543.0,431,81.0,451.0,1.0,101.4927,7.0,25.0,16.0,2019-03-23 20:06:17.866
1016.0,Normal,542.0,430,81.0,449.0,1.0,100.0552,7.0,25.0,16.0,2019-03-23 20:06:06.796
1016.0,Normal,535.0,429,81.0,444.0,1.0,101.2251,6.0,25.0,16.0,2019-03-23 20:05:55.731
1016.0,Normal,537.0,428,81.0,446.0,1.0,101.8565,6.0,25.0,16.0,2019-03-23 20:05:44.672
1019.0,Normal,547.0,427,81.0,452.0,1.0,101.6671,6.0,25.0,16.0,2019-03-23 20:05:33.597
1016.0,Normal,542.0,426,81.0,449.0,1.0,101.5861,7.0,25.0,16.0,2019-03-23 20:05:22.534
1016.0,Normal,543.0,425,81.0,451.0,1.0,101.6897,6.0,25.0,16.0,2019-03-23 20:05:11.458
1016.0,Normal,540.0,424,81.0,448.0,1.0,101.8079,7.0,25.0,16.0,2019-03-23 20:05:00.396
1016.0,Normal,535.0,423,81.0,443.0,1.0,101.1418,7.0,25.0,16.0,2019-03-23 20:04:49.331
1016.0,Normal,544.0,422,81.0,451.0,1.0,100.0836,7.0,25.0,16.0,2019-03-23 20:04:38.32
1016.0,Normal,545.0,421,81.0,451.0,1.0,101.3147,6.0,25.0,16.0,2019-03-23 20:04:27.195
1016.0,Normal,537.0,420,82.0,445.0,1.0,100.7629,7.0,25.0,16.0,2019-03-23 20:04:16.129
1016.0,Normal,547.0,419,80.0,453.0,1.0,101.544,6.0,25.0,16.0,2019-03-23 20:04:05.07
1016.0,Normal,535.0,418,81.0,445.0,1.0,100.0259,7.0,25.0,16.0,2019-03-23 20:03:53.999
1016.0,Normal,546.0,417,81.0,452.0,1.0,100.5995,7.0,25.0,16.0,2019-03-23 20:03:42.942
1016.0,Normal,538.0,416,81.0,447.0,1.0,100.103,7.0,25.0,16.0,2019-03-23 20:03:31.871
1016.0,Normal,545.0,415,82.0,451.0,1.0,100.5323,7.0,25.0,16.0,2019-03-23 20:03:20.807
1016.0,Normal,537.0,414,81.0,446.0,1.0,100.6188,7.0,25.0,16.0,2019-03-23 20:03:09.734
1017.0,Normal,546.0,413,81.0,452.0,1.0,101.1804,7.0,25.0,15.0,2019-03-23 20:02:58.661
1016.0,Normal,543.0,412,82.0,450.0,1.0,100.8747,7.0,25.0,15.0,2019-03-23 20:02:47.602
1016.0,Normal,547.0,411,82.0,453.0,1.0,101.6845,6.0,25.0,16.0,2019-03-23 20:02:36.538
1016.0,Normal,549.0,410,81.0,454.0,1.0,100.6167,6.0,25.0,16.0,2019-03-23 20:02:25.471
1016.0,Normal,541.0,409,82.0,448.0,1.0,101.2769,7.0,25.0,16.0,2019-03-23 20:02:14.403
1016.0,Normal,551.0,408,81.0,456.0,1.0,100.5931,6.0,25.0,16.0,2019-03-23 20:02:03.344
1016.0,Normal,535.0,407,81.0,444.0,1.0,100.4883,7.0,25.0,16.0,2019-03-23 20:01:52.264
1016.0,Normal,576.0,406,80.0,474.0,1.0,100.312,6.0,25.0,16.0,2019-03-23 20:01:41.319
1017.0,Normal,865.0,405,81.0,683.0,1.0,100.0723,7.0,25.0,16.0,2019-03-23 20:01:30.149
1016.0,Normal,558.0,404,82.0,461.0,1.0,100.3524,6.0,25.0,16.0,2019-03-23 20:01:19.084
1015.0,Normal,544.0,403,81.0,450.0,1.0,101.9926,7.0,25.0,15.0,2019-03-23 20:01:07.991
1016.0,Normal,649.0,402,81.0,526.0,1.0,100.5534,7.0,25.0,15.0,2019-03-23 20:00:56.943
1016.0,Normal,543.0,401,82.0,450.0,1.0,100.0061,6.0,25.0,15.0,2019-03-23 20:00:45.876
1017.0,Normal,533.0,400,81.0,443.0,1.0,101.6581,7.0,25.0,15.0,2019-03-23 20:00:34.809
1016.0,Normal,522.0,399,82.0,435.0,1.0,101.2086,8.0,25.0,16.0,2019-03-23 20:00:23.762
1017.0,Normal,516.0,398,82.0,430.0,1.0,100.5876,7.0,25.0,15.0,2019-03-23 20:00:12.675
1016.0,Normal,543.0,397,81.0,450.0,1.0,100.0678,7.0,25.0,15.0,2019-03-23 20:00:01.608
1017.0,Normal,547.0,396,82.0,453.0,1.0,100.9619,7.0,25.0,16.0,2019-03-23 19:59:50.558
1016.0,Normal,536.0,395,81.0,446.0,1.0,101.847,6.0,25.0,15.0,2019-03-23 19:59:39.984
1016.0,Normal,543.0,394,82.0,450.0,1.0,101.154,7.0,25.0,16.0,2019-03-23 19:59:28.408
1016.0,Normal,545.0,393,81.0,452.0,1.0,100.9507,6.0,25.0,15.0,2019-03-23 19:59:17.336
1016.0,Normal,537.0,392,82.0,446.0,1.0,100.7132,7.0,24.0,15.0,2019-03-23 19:59:06.269
1016.0,Normal,544.0,391,81.0,451.0,1.0,100.9571,7.0,25.0,15.0,2019-03-23 19:58:55.214
1016.0,Normal,545.0,390,81.0,452.0,1.0,100.214,7.0,24.0,15.0,2019-03-23 19:58:44.137
1016.0,Normal,542.0,389,81.0,449.0,1.0,100.1709,7.0,24.0,15.0,2019-03-23 19:58:33.074
1017.0,Normal,551.0,388,82.0,457.0,1.0,100.6792,7.0,24.0,15.0,2019-03-23 19:58:22.023
1016.0,Normal,516.0,387,82.0,432.0,1.0,100.9067,7.0,24.0,15.0,2019-03-23 19:58:10.938
1016.0,Normal,553.0,386,81.0,457.0,1.0,101.1267,6.0,24.0,15.0,2019-03-23 19:57:59.874
1016.0,Normal,537.0,385,81.0,445.0,1.0,101.648,6.0,24.0,15.0,2019-03-23 19:57:48.802
1016.0,Normal,545.0,384,81.0,452.0,1.0,100.263,7.0,25.0,15.0,2019-03-23 19:57:37.739
1017.0,Normal,544.0,383,81.0,452.0,1.0,101.3854,6.0,25.0,15.0,2019-03-23 19:57:26.684
1016.0,Normal,539.0,382,81.0,447.0,1.0,100.2075,6.0,25.0,15.0,2019-03-23 19:57:15.601
1016.0,Normal,545.0,381,81.0,452.0,1.0,100.2959,7.0,25.0,15.0,2019-03-23 19:57:04.544
1016.0,Normal,545.0,380,81.0,451.0,1.0,101.5925,7.0,25.0,15.0,2019-03-23 19:56:53.48
1016.0,Normal,535.0,379,81.0,445.0,1.0,100.6148,7.0,25.0,15.0,2019-03-23 19:56:42.405
1016.0,Normal,545.0,378,81.0,452.0,1.0,101.473,7.0,24.0,15.0,2019-03-23 19:56:31.35
1016.0,Normal,545.0,377,81.0,452.0,1.0,100.3464,7.0,25.0,15.0,2019-03-23 19:56:20.277
1016.0,Normal,536.0,376,81.0,445.0,1.0,100.0977,6.0,25.0,15.0,2019-03-23 19:56:09.218
1015.0,Normal,545.0,375,81.0,452.0,1.0,100.7259,7.0,25.0,15.0,2019-03-23 19:55:58.138
1016.0,Normal,539.0,374,81.0,447.0,1.0,100.6804,7.0,25.0,15.0,2019-03-23 19:55:47.071
1016.0,Normal,541.0,373,81.0,448.0,1.0,100.6916,7.0,25.0,15.0,2019-03-23 19:55:36.017
1016.0,Normal,547.0,372,81.0,453.0,1.0,101.9217,6.0,25.0,15.0,2019-03-23 19:55:24.948
1016.0,Normal,536.0,371,82.0,445.0,1.0,100.8869,7.0,25.0,15.0,2019-03-23 19:55:13.875
1017.0,Normal,549.0,370,81.0,454.0,1.0,100.6499,6.0,25.0,15.0,2019-03-23 19:55:02.812
1016.0,Normal,537.0,369,81.0,446.0,1.0,101.8228,6.0,25.0,15.0,2019-03-23 19:54:51.74
1017.0,Normal,549.0,368,80.0,455.0,1.0,100.0532,7.0,25.0,15.0,2019-03-23 19:54:40.681
1016.0,Normal,531.0,367,81.0,442.0,1.0,101.1723,7.0,25.0,15.0,2019-03-23 19:54:29.622
1017.0,Normal,536.0,366,81.0,445.0,1.0,101.1096,6.0,25.0,15.0,2019-03-23 19:54:18.543
1015.0,Normal,546.0,365,81.0,453.0,1.0,100.5956,6.0,25.0,15.0,2019-03-23 19:54:07.473
1016.0,Normal,541.0,364,81.0,448.0,1.0,101.9273,7.0,25.0,15.0,2019-03-23 19:53:56.414
1017.0,Normal,543.0,363,81.0,451.0,1.0,101.2311,6.0,25.0,16.0,2019-03-23 19:53:45.358
1016.0,Normal,546.0,362,81.0,452.0,1.0,100.1969,7.0,25.0,16.0,2019-03-23 19:53:34.273
1016.0,Normal,534.0,361,82.0,444.0,1.0,101.6861,6.0,25.0,16.0,2019-03-23 19:53:23.208
1017.0,Normal,546.0,360,81.0,453.0,1.0,100.0045,6.0,25.0,16.0,2019-03-23 19:53:12.164
1016.0,Normal,547.0,359,81.0,453.0,1.0,100.198,7.0,25.0,16.0,2019-03-23 19:53:01.092
1016.0,Normal,541.0,358,81.0,449.0,1.0,100.4856,7.0,25.0,16.0,2019-03-23 19:52:50.006
1016.0,Normal,548.0,357,81.0,454.0,1.0,101.7851,6.0,25.0,16.0,2019-03-23 19:52:39.002
1017.0,Normal,536.0,356,81.0,445.0,1.0,101.4355,6.0,25.0,16.0,2019-03-23 19:52:27.878
1017.0,Normal,540.0,355,81.0,448.0,1.0,101.3121,6.0,25.0,16.0,2019-03-23 19:52:16.819
1018.0,Normal,547.0,354,80.0,453.0,1.0,101.5335,6.0,25.0,16.0,2019-03-23 19:52:05.758
1016.0,Normal,543.0,353,81.0,450.0,1.0,101.8859,7.0,25.0,16.0,2019-03-23 19:51:54.69
1017.0,Normal,534.0,352,81.0,444.0,1.0,100.4612,6.0,25.0,16.0,2019-03-23 19:51:43.618
1017.0,Normal,541.0,351,81.0,449.0,1.0,101.9006,7.0,25.0,16.0,2019-03-23 19:51:32.554
1016.0,Normal,544.0,350,81.0,451.0,1.0,101.8938,7.0,25.0,16.0,2019-03-23 19:51:21.485
1017.0,Normal,546.0,349,81.0,452.0,1.0,100.7646,6.0,25.0,16.0,2019-03-23 19:51:10.413
1016.0,Normal,544.0,348,81.0,451.0,1.0,101.5185,7.0,25.0,16.0,2019-03-23 19:50:59.353
1016.0,Normal,540.0,347,82.0,447.0,1.0,101.7099,7.0,25.0,16.0,2019-03-23 19:50:48.286
1016.0,Normal,538.0,346,81.0,446.0,1.0,100.313,6.0,25.0,16.0,2019-03-23 19:50:37.215
1015.0,Normal,537.0,345,81.0,446.0,1.0,100.9444,7.0,25.0,16.0,2019-03-23 19:50:26.143
1016.0,Normal,534.0,344,81.0,443.0,1.0,101.2549,7.0,25.0,16.0,2019-03-23 19:50:15.079
1016.0,Normal,532.0,343,81.0,442.0,1.0,101.816,6.0,25.0,16.0,2019-03-23 19:50:04.017
1016.0,Normal,534.0,342,81.0,443.0,1.0,101.2622,7.0,25.0,16.0,2019-03-23 19:49:52.95
1017.0,Normal,542.0,341,82.0,450.0,1.0,100.1457,6.0,25.0,16.0,2019-03-23 19:49:41.885
1016.0,Normal,543.0,340,81.0,450.0,1.0,101.3734,7.0,25.0,16.0,2019-03-23 19:49:30.812
1016.0,Normal,540.0,339,81.0,447.0,1.0,100.0921,7.0,25.0,16.0,2019-03-23 19:49:19.744
1016.0,Normal,530.0,338,81.0,441.0,1.0,100.231,7.0,25.0,16.0,2019-03-23 19:49:08.678
1016.0,Normal,530.0,337,81.0,441.0,1.0,100.1696,7.0,25.0,16.0,2019-03-23 19:48:57.63
1016.0,Normal,532.0,336,82.0,443.0,1.0,100.6938,7.0,25.0,16.0,2019-03-23 19:48:46.553
1016.0,Normal,539.0,335,82.0,447.0,1.0,100.6834,7.0,25.0,16.0,2019-03-23 19:48:35.498
1016.0,Normal,549.0,334,81.0,455.0,1.0,101.681,7.0,25.0,16.0,2019-03-23 19:48:24.437
1016.0,Normal,540.0,333,81.0,447.0,1.0,101.4288,6.0,25.0,16.0,2019-03-23 19:48:13.363
1016.0,Normal,539.0,332,81.0,447.0,1.0,101.6562,7.0,25.0,16.0,2019-03-23 19:48:02.288
1016.0,Normal,535.0,331,81.0,444.0,1.0,100.4179,6.0,25.0,16.0,2019-03-23 19:47:51.222
1016.0,Normal,531.0,330,81.0,442.0,1.0,100.4749,6.0,25.0,17.0,2019-03-23 19:47:40.163
1016.0,Normal,536.0,329,81.0,445.0,1.0,101.6348,7.0,25.0,17.0,2019-03-23 19:47:29.114
1016.0,Normal,547.0,328,81.0,453.0,1.0,101.3331,7.0,25.0,17.0,2019-03-23 19:47:18.015
1016.0,Normal,517.0,327,82.0,431.0,1.0,100.9926,7.0,25.0,17.0,2019-03-23 19:47:06.948
1016.0,Normal,615.0,326,81.0,502.0,1.0,100.8173,6.0,25.0,17.0,2019-03-23 19:46:55.888
1017.0,Normal,508.0,325,80.0,424.0,1.0,101.3293,7.0,25.0,16.0,2019-03-23 19:46:44.843
1016.0,Normal,551.0,324,81.0,456.0,1.0,101.3465,6.0,25.0,16.0,2019-03-23 19:46:33.763
1016.0,Normal,553.0,323,82.0,457.0,1.0,100.2272,7.0,25.0,16.0,2019-03-23 19:46:22.685
1016.0,Normal,562.0,322,82.0,464.0,1.0,100.3137,7.0,25.0,16.0,2019-03-23 19:46:11.621
1016.0,Normal,601.0,321,82.0,492.0,1.0,100.8756,7.0,25.0,17.0,2019-03-23 19:46:00.564
1017.0,Normal,551.0,320,81.0,456.0,1.0,100.0221,7.0,25.0,16.0,2019-03-23 19:45:49.492
1016.0,Normal,526.0,319,81.0,438.0,1.0,101.5254,7.0,25.0,16.0,2019-03-23 19:45:38.438
1016.0,Normal,544.0,318,81.0,450.0,1.0,101.2276,7.0,25.0,16.0,2019-03-23 19:45:27.36
1015.0,Normal,544.0,317,81.0,451.0,1.0,100.8108,6.0,25.0,16.0,2019-03-23 19:45:16.29
1016.0,Normal,539.0,316,81.0,448.0,1.0,101.8597,6.0,25.0,16.0,2019-03-23 19:45:05.223
1016.0,Normal,542.0,315,82.0,450.0,1.0,100.8839,7.0,25.0,16.0,2019-03-23 19:44:54.155
1016.0,Normal,545.0,314,81.0,452.0,1.0,100.0549,7.0,25.0,16.0,2019-03-23 19:44:43.089
1016.0,Normal,537.0,313,82.0,446.0,1.0,100.9743,6.0,25.0,16.0,2019-03-23 19:44:32.02
1017.0,Normal,542.0,312,81.0,450.0,1.0,101.723,7.0,25.0,16.0,2019-03-23 19:44:20.96
1016.0,Normal,538.0,311,81.0,447.0,1.0,100.2585,7.0,25.0,16.0,2019-03-23 19:44:09.895
1016.0,Normal,545.0,310,81.0,451.0,1.0,101.6996,7.0,25.0,16.0,2019-03-23 19:43:58.828
1016.0,Normal,537.0,309,81.0,446.0,1.0,101.5987,6.0,25.0,16.0,2019-03-23 19:43:47.774
1016.0,Normal,545.0,308,81.0,451.0,1.0,100.2826,6.0,25.0,16.0,2019-03-23 19:43:36.699
1016.0,Normal,536.0,307,81.0,446.0,1.0,100.8952,7.0,25.0,16.0,2019-03-23 19:43:25.628
1016.0,Normal,545.0,306,81.0,451.0,1.0,100.6297,6.0,25.0,16.0,2019-03-23 19:43:14.569
1017.0,Normal,546.0,305,81.0,452.0,1.0,101.5369,7.0,25.0,16.0,2019-03-23 19:43:03.5
1015.0,Normal,536.0,304,81.0,445.0,1.0,100.0217,7.0,25.0,16.0,2019-03-23 19:42:52.444
1017.0,Normal,546.0,303,81.0,452.0,1.0,100.358,6.0,25.0,16.0,2019-03-23 19:42:41.477
1016.0,Normal,546.0,302,81.0,454.0,1.0,100.2156,6.0,25.0,16.0,2019-03-23 19:42:30.297
1017.0,Normal,533.0,301,81.0,443.0,1.0,101.6484,7.0,25.0,16.0,2019-03-23 19:42:19.226
1016.0,Normal,544.0,300,81.0,451.0,1.0,100.1625,6.0,25.0,16.0,2019-03-23 19:42:08.175
1016.0,Normal,535.0,299,81.0,444.0,1.0,100.8006,6.0,25.0,16.0,2019-03-23 19:41:57.104
1016.0,Normal,546.0,298,81.0,452.0,1.0,100.1714,7.0,25.0,16.0,2019-03-23 19:41:46.023
1016.0,Normal,535.0,297,81.0,444.0,1.0,101.6416,6.0,25.0,16.0,2019-03-23 19:41:34.978
1016.0,Normal,545.0,296,81.0,452.0,1.0,101.6424,7.0,25.0,16.0,2019-03-23 19:41:23.904
1016.0,Normal,540.0,295,81.0,448.0,1.0,100.2356,7.0,25.0,16.0,2019-03-23 19:41:12.823
1016.0,Normal,542.0,294,81.0,449.0,1.0,100.8994,7.0,25.0,16.0,2019-03-23 19:41:01.78
1015.0,Normal,545.0,293,81.0,452.0,1.0,100.1794,7.0,25.0,16.0,2019-03-23 19:40:50.71
1016.0,Normal,546.0,292,81.0,452.0,1.0,101.3946,7.0,25.0,16.0,2019-03-23 19:40:40.806
1016.0,Normal,541.0,291,82.0,449.0,1.0,100.2144,6.0,25.0,16.0,2019-03-23 19:40:28.571
1016.0,Normal,543.0,290,81.0,450.0,1.0,100.779,7.0,25.0,16.0,2019-03-23 19:40:17.506
1015.0,Normal,541.0,289,82.0,449.0,1.0,100.2823,7.0,25.0,16.0,2019-03-23 19:40:06.447
1018.0,Normal,544.0,288,81.0,451.0,1.0,101.6573,6.0,25.0,16.0,2019-03-23 19:39:55.371
1019.0,Normal,543.0,287,80.0,450.0,1.0,100.573,7.0,25.0,16.0,2019-03-23 19:39:44.3
1015.0,Normal,543.0,286,81.0,451.0,1.0,100.2755,6.0,25.0,16.0,2019-03-23 19:39:33.228
1016.0,Normal,545.0,285,81.0,452.0,1.0,100.9994,6.0,25.0,16.0,2019-03-23 19:39:22.162
1017.0,Normal,542.0,284,81.0,449.0,1.0,100.7588,7.0,25.0,16.0,2019-03-23 19:39:11.115
1016.0,Normal,546.0,283,81.0,453.0,1.0,100.8828,6.0,25.0,16.0,2019-03-23 19:39:00.033
1015.0,Normal,539.0,282,81.0,447.0,0.0,100.1649,5.0,25.0,16.0,2019-03-23 19:38:48.968
1016.0,Normal,549.0,281,81.0,454.0,1.0,101.4696,7.0,25.0,16.0,2019-03-23 19:38:37.898
